// Intrepid WormE 3D contacts, Projection: LAM_AUST2, Datum: GDA94
// Intrepid assumes the solutions are below a aero-survey drape surface (zero value), with Z positive upwards
Contact,Easting,Northing,Elevation,Anomaly
Contact1,947795.312500,-1430933.375000,-15800.000000,0.002385
Contact1,953882.250000,-1480000.000000,-15800.000000,0.003090
Contact1,960597.812500,-1531200.000000,-15800.000000,0.002787
Contact1,972184.500000,-1569039.000000,-15800.000000,0.001829
Contact1,1003977.875000,-1565993.375000,-15800.000000,0.001716
Contact2,856706.375000,-1597333.375000,-15800.000000,0.002486
Contact2,857055.125000,-1633600.000000,-15800.000000,0.002850
Contact2,854789.812500,-1672000.000000,-15800.000000,0.003576
Contact2,846729.000000,-1708308.375000,-15800.000000,0.004424
Contact2,841665.500000,-1729001.125000,-15800.000000,0.004456
Contact3,-727512.500000,-1705554.125000,-15800.000000,0.001211
Contact3,-705178.500000,-1730021.500000,-15800.000000,0.001632
Contact3,-689263.125000,-1763003.500000,-15800.000000,0.001960
Contact3,-670408.250000,-1798925.125000,-15800.000000,0.001713
Contact3,-658666.687500,-1792886.750000,-15800.000000,0.001327
Contact3,-691941.000000,-1719837.875000,-3300.000000,0.001367
Contact3,-700269.062500,-1742400.000000,-3300.000000,0.002287
Contact3,-689517.750000,-1768082.250000,-3300.000000,0.002043
Contact3,-677370.687500,-1789829.250000,-3300.000000,0.002303
Contact3,-657882.687500,-1807392.625000,-3300.000000,0.001818
Contact3,-656533.312500,-1808341.000000,-3300.000000,0.001711
Contact4,-394966.031250,-1729432.500000,-15800.000000,0.001379
Contact4,-376752.843750,-1755161.875000,-15800.000000,0.001500
Contact4,-390213.531250,-1783280.250000,-15800.000000,0.001470
Contact4,-404641.281250,-1812800.000000,-15800.000000,0.001272
Contact5,-122302.648438,-1734764.000000,-15800.000000,0.002270
Contact5,-97341.609375,-1759725.000000,-15800.000000,0.002192
Contact5,-84194.890625,-1800000.000000,-15800.000000,0.001825
Contact5,-77136.867188,-1851200.000000,-15800.000000,0.000833
Contact5,-83066.046875,-1810666.625000,-3300.000000,0.002430
Contact5,-77414.734375,-1838400.000000,-3300.000000,0.001970
Contact5,-72897.500000,-1867200.000000,-3300.000000,0.002188
Contact5,-80713.351563,-1889600.000000,-3300.000000,0.003109
Contact5,-76237.992188,-1914856.125000,-3300.000000,0.002523
Contact5,-76237.992188,-1914856.125000,-3300.000000,0.002523
Contact6,-327281.593750,-1781518.375000,-15800.000000,0.000428
Contact6,-295289.656250,-1804977.000000,-15800.000000,0.000413
Contact6,-267101.687500,-1827175.500000,-15800.000000,0.000829
Contact6,-248847.562500,-1870400.000000,-15800.000000,0.000944
Contact6,-254956.015625,-1883371.500000,-15800.000000,0.000625
Contact7,-531967.187500,-1826432.875000,-15800.000000,0.001252
Contact7,-512939.531250,-1849047.500000,-15800.000000,0.001674
Contact7,-475200.000000,-1840693.750000,-15800.000000,0.001322
Contact7,-442844.343750,-1834489.000000,-15800.000000,0.001368
Contact7,-421866.656250,-1841887.625000,-15800.000000,0.001231
Contact8,239662.921875,-1831467.750000,-15800.000000,0.000906
Contact8,240297.765625,-1884031.625000,-15800.000000,0.000870
Contact8,255759.812500,-1921600.000000,-15800.000000,0.001717
Contact8,277324.937500,-1967991.625000,-15800.000000,0.001466
Contact8,290535.187500,-2017600.000000,-15800.000000,0.001677
Contact8,290513.000000,-2019733.375000,-15800.000000,0.001624
Contact9,-5866.666504,-1865972.625000,-15800.000000,0.001586
Contact9,30634.513672,-1864548.625000,-15800.000000,0.002208
Contact9,75200.000000,-1863084.875000,-15800.000000,0.002562
Contact9,101745.968750,-1888412.625000,-15800.000000,0.001680
Contact9,-13228.231445,-1857345.750000,-3300.000000,0.002511
Contact9,-2994.450195,-1867686.625000,-3300.000000,0.002408
Contact9,14026.106445,-1873072.875000,-3300.000000,0.001952
Contact9,36800.000000,-1874432.000000,-3300.000000,0.002147
Contact9,51253.578125,-1871008.875000,-3300.000000,0.001959
Contact9,51253.578125,-1871008.875000,-3300.000000,0.001959
Contact10,-379269.156250,-1885402.500000,-15800.000000,0.001497
Contact10,-350545.656250,-1894787.625000,-15800.000000,0.001571
Contact10,-315200.000000,-1900589.250000,-15800.000000,0.001776
Contact10,-276800.000000,-1905644.500000,-15800.000000,0.001296
Contact10,-320533.343750,-1895913.750000,-3300.000000,0.002558
Contact10,-299542.125000,-1900558.125000,-3300.000000,0.002174
Contact10,-280000.000000,-1907245.625000,-3300.000000,0.003818
Contact10,-263033.312500,-1914033.375000,-3300.000000,0.003097
Contact10,-262404.875000,-1931450.875000,-3300.000000,0.001982
Contact10,-262404.875000,-1931450.875000,-3300.000000,0.001982
Contact11,-624533.312500,-1956910.375000,-15800.000000,0.004440
Contact11,-657072.562500,-1984005.875000,-15800.000000,0.005513
Contact11,-674621.562500,-2017988.625000,-15800.000000,0.005335
Contact11,-689222.437500,-2068800.000000,-15800.000000,0.002972
Contact11,-684266.687500,-2115339.500000,-15800.000000,0.002867
Contact11,-684266.687500,-2115339.500000,-15800.000000,0.002867
Contact11,-671178.250000,-2014000.125000,-3300.000000,0.008834
Contact11,-673856.250000,-2035989.625000,-3300.000000,0.014604
Contact11,-684722.250000,-2056000.000000,-3300.000000,0.009934
Contact11,-670979.937500,-2066099.125000,-3300.000000,0.005646
Contact11,-658949.250000,-2056436.250000,-3300.000000,0.003338
Contact11,-658949.250000,-2056436.250000,-3300.000000,0.003338
Contact12,1219066.000000,-1987733.375000,-15800.000000,0.001871
Contact12,1231085.125000,-2019351.750000,-15800.000000,0.001789
Contact12,1235251.125000,-2049600.000000,-15800.000000,0.001293
Contact12,1247307.375000,-2080374.000000,-15800.000000,0.001236
Contact13,-75590.828125,-2006933.375000,-15800.000000,0.002038
Contact13,-70403.664063,-2043200.000000,-15800.000000,0.001476
Contact13,-59823.726563,-2074576.250000,-15800.000000,0.001181
Contact13,-71587.367188,-2100800.000000,-15800.000000,0.000880
Contact13,-76349.109375,-2107517.750000,-15800.000000,0.000653
Contact14,-1161153.500000,-2038933.375000,-15800.000000,0.002023
Contact14,-1167816.750000,-2061683.500000,-15800.000000,0.003019
Contact14,-1189700.250000,-2081433.500000,-15800.000000,0.001697
Contact14,-1215766.875000,-2103233.500000,-15800.000000,0.001457
Contact14,-1224988.000000,-2112454.750000,-15800.000000,0.001360
Contact15,493853.468750,-2040546.500000,-15800.000000,0.001411
Contact15,440000.000000,-2049941.625000,-15800.000000,0.002347
Contact15,395083.125000,-2060074.625000,-15800.000000,0.002924
Contact15,337600.000000,-2059062.625000,-15800.000000,0.003083
Contact15,298658.062500,-2046924.750000,-15800.000000,0.002532
Contact15,422933.343750,-2047918.750000,-3300.000000,0.003109
Contact15,405872.593750,-2053860.750000,-3300.000000,0.007051
Contact15,392000.000000,-2063159.000000,-3300.000000,0.005406
Contact15,369600.000000,-2068983.000000,-3300.000000,0.006962
Contact15,352533.343750,-2063192.625000,-3300.000000,0.006234
Contact16,240738.875000,-2071794.500000,-15800.000000,0.001999
Contact16,220029.921875,-2086103.375000,-15800.000000,0.001987
Contact16,204255.859375,-2112544.250000,-15800.000000,0.001531
Contact16,169387.875000,-2130345.500000,-15800.000000,0.000753
Contact16,165252.718750,-2140632.250000,-15800.000000,0.000652
Contact17,-148329.546875,-2146070.500000,-15800.000000,0.000985
Contact17,-132075.968750,-2166590.750000,-15800.000000,0.001464
Contact17,-115760.601563,-2189306.000000,-15800.000000,0.001456
Contact17,-102014.851563,-2215851.750000,-15800.000000,0.001085
Contact18,188266.671875,-2161176.250000,-15800.000000,0.001912
Contact18,159301.218750,-2178832.000000,-15800.000000,0.001684
Contact18,137619.765625,-2194113.500000,-15800.000000,0.001613
Contact18,108564.156250,-2206102.500000,-15800.000000,0.000711
Contact18,93982.960938,-2207883.750000,-15800.000000,0.000638
Contact19,-1164266.625000,-2171932.250000,-15800.000000,0.001729
Contact19,-1115515.375000,-2188487.000000,-15800.000000,0.001748
Contact19,-1077435.000000,-2202565.000000,-15800.000000,0.001526
Contact19,-1043029.312500,-2219847.500000,-15800.000000,0.002538
Contact19,-1016985.250000,-2245948.000000,-15800.000000,0.002962
Contact19,-1014596.312500,-2248337.000000,-15800.000000,0.002908
Contact20,643531.187500,-2193802.250000,-15800.000000,0.001511
Contact20,625414.125000,-2228800.000000,-15800.000000,0.002397
Contact20,618959.562500,-2286400.000000,-15800.000000,0.002448
Contact20,605638.500000,-2338361.500000,-15800.000000,0.002024
Contact20,590885.125000,-2384533.250000,-15800.000000,0.001767
Contact20,590885.125000,-2384533.250000,-15800.000000,0.001767
Contact21,-1007104.062500,-2247296.000000,-15800.000000,0.002995
Contact21,-968040.000000,-2282093.250000,-15800.000000,0.002700
Contact21,-931675.187500,-2314191.500000,-15800.000000,0.001891
Contact21,-902819.687500,-2355847.000000,-15800.000000,0.002090
Contact21,-861681.187500,-2390657.750000,-15800.000000,0.001730
Contact21,-860497.812500,-2396035.500000,-15800.000000,0.001783
Contact22,-101866.664063,-2259672.750000,-15800.000000,0.001231
Contact22,-46694.628906,-2294638.750000,-15800.000000,0.001893
Contact22,-6448.317871,-2334885.000000,-15800.000000,0.002087
Contact22,41283.687500,-2371950.250000,-15800.000000,0.001455
Contact22,66300.984375,-2418630.750000,-15800.000000,0.001793
Contact22,61655.917969,-2419410.750000,-15800.000000,0.001894
Contact22,-40751.460938,-2299515.250000,-3300.000000,0.004225
Contact22,-29565.453125,-2307501.250000,-3300.000000,0.005171
Contact22,-18277.166016,-2315589.500000,-3300.000000,0.005223
Contact22,-10691.988281,-2327441.250000,-3300.000000,0.005351
Contact22,-6051.708984,-2331015.000000,-3300.000000,0.005249
Contact23,1268707.000000,-2295907.000000,-15800.000000,0.001641
Contact23,1283723.375000,-2321590.000000,-15800.000000,0.001672
Contact23,1308704.375000,-2329504.500000,-15800.000000,0.001086
Contact23,1328674.125000,-2347340.750000,-15800.000000,0.000955
Contact23,1340112.375000,-2350477.750000,-15800.000000,0.000535
Contact23,1298372.000000,-2321868.000000,-3300.000000,0.002157
Contact23,1313600.000000,-2331481.000000,-3300.000000,0.008130
Contact23,1333047.250000,-2339980.500000,-3300.000000,0.006153
Contact23,1316809.250000,-2347182.750000,-3300.000000,0.003002
Contact23,1299319.250000,-2335410.750000,-3300.000000,0.001287
Contact24,-1161389.750000,-2306343.500000,-15800.000000,0.001208
Contact24,-1125894.375000,-2322639.000000,-15800.000000,0.002049
Contact24,-1089600.000000,-2339224.250000,-15800.000000,0.001998
Contact24,-1044800.000000,-2341417.000000,-15800.000000,0.001764
Contact24,-1020376.125000,-2352490.250000,-15800.000000,0.001566
Contact25,-665737.000000,-2307063.000000,-15800.000000,0.001229
Contact25,-651386.375000,-2325680.250000,-15800.000000,0.001276
Contact25,-639448.062500,-2361048.000000,-15800.000000,0.001509
Contact25,-656879.812500,-2387013.250000,-15800.000000,0.001979
Contact25,-662383.250000,-2392516.500000,-15800.000000,0.001681
Contact26,-1287056.125000,-2317210.500000,-15800.000000,0.001595
Contact26,-1236239.500000,-2368027.250000,-15800.000000,0.003066
Contact26,-1200274.750000,-2440000.000000,-15800.000000,0.003087
Contact26,-1160797.250000,-2509516.000000,-15800.000000,0.002074
Contact26,-1115135.625000,-2565824.750000,-15800.000000,0.002828
Contact26,-1097473.875000,-2590240.500000,-15800.000000,0.002713
Contact27,1104961.125000,-2353172.250000,-15800.000000,0.001806
Contact27,1149659.750000,-2366726.500000,-15800.000000,0.001167
Contact27,1201405.375000,-2382212.000000,-15800.000000,0.003228
Contact27,1252800.000000,-2391430.000000,-15800.000000,0.002086
Contact27,1305838.375000,-2385547.500000,-15800.000000,0.001114
Contact27,1305543.375000,-2384185.250000,-15800.000000,0.000924
Contact28,645331.937500,-2371733.250000,-15800.000000,0.002370
Contact28,640575.437500,-2403691.250000,-15800.000000,0.002791
Contact28,623939.437500,-2428418.750000,-15800.000000,0.003653
Contact28,620518.125000,-2465600.000000,-15800.000000,0.002891
Contact28,637465.937500,-2485999.250000,-15800.000000,0.001747
Contact29,1443935.875000,-2378997.500000,-15800.000000,0.002421
Contact29,1454695.125000,-2422161.750000,-15800.000000,0.002891
Contact29,1484051.500000,-2457918.250000,-15800.000000,0.002843
Contact29,1503385.875000,-2513966.250000,-15800.000000,0.002385
Contact29,1525038.500000,-2545838.500000,-15800.000000,0.001779
Contact30,-1282269.000000,-2388131.000000,-15800.000000,0.001839
Contact30,-1265909.250000,-2425824.000000,-15800.000000,0.003652
Contact30,-1245700.125000,-2454566.500000,-15800.000000,0.004080
Contact30,-1243389.875000,-2497600.000000,-15800.000000,0.002543
Contact30,-1228013.125000,-2542400.000000,-15800.000000,0.001478
Contact30,-1227568.500000,-2544533.250000,-15800.000000,0.001513
Contact31,679728.937500,-2395995.750000,-15800.000000,0.000965
Contact31,694026.687500,-2438026.750000,-15800.000000,0.001393
Contact31,711337.875000,-2510400.000000,-15800.000000,0.001305
Contact31,739597.750000,-2564664.500000,-15800.000000,0.002281
Contact31,767439.562500,-2632000.000000,-15800.000000,0.001592
Contact31,777045.562500,-2651178.750000,-15800.000000,0.000944
Contact31,682991.500000,-2453658.250000,-3300.000000,0.003024
Contact31,705746.437500,-2507200.000000,-3300.000000,0.008010
Contact31,729016.875000,-2554083.500000,-3300.000000,0.005756
Contact31,754935.437500,-2600000.000000,-3300.000000,0.007221
Contact31,772627.500000,-2655294.250000,-3300.000000,0.004350
Contact31,799466.687500,-2670710.750000,-3300.000000,0.002516
Contact32,-1334538.500000,-2446794.750000,-15800.000000,0.002260
Contact32,-1317211.125000,-2483322.250000,-15800.000000,0.002558
Contact32,-1300724.375000,-2514742.250000,-15800.000000,0.002780
Contact32,-1276402.250000,-2545464.500000,-15800.000000,0.002049
Contact32,-1259378.250000,-2579555.000000,-15800.000000,0.002337
Contact32,-1257901.500000,-2581031.750000,-15800.000000,0.002318
Contact32,-1279981.750000,-2555751.500000,-3300.000000,0.004978
Contact32,-1256489.000000,-2603200.000000,-3300.000000,0.005056
Contact32,-1334973.500000,-2440000.000000,-3300.000000,0.004130
Contact32,-1311543.250000,-2492261.250000,-3300.000000,0.007260
Contact32,-1283968.000000,-2534698.500000,-3300.000000,0.003620
Contact32,-1280823.750000,-2541471.250000,-3300.000000,0.004102
Contact33,746871.375000,-2448533.250000,-15800.000000,0.000977
Contact33,746804.750000,-2503604.750000,-15800.000000,0.001706
Contact33,784067.312500,-2535033.250000,-15800.000000,0.001970
Contact33,809565.375000,-2583432.000000,-15800.000000,0.002151
Contact33,827090.687500,-2632000.000000,-15800.000000,0.001342
Contact33,827361.750000,-2640533.250000,-15800.000000,0.001111
Contact33,794160.625000,-2524266.750000,-3300.000000,0.003117
Contact33,798476.625000,-2542400.000000,-3300.000000,0.005127
Contact33,802242.500000,-2561600.000000,-3300.000000,0.004075
Contact33,805373.937500,-2576040.500000,-3300.000000,0.003942
Contact33,810628.000000,-2586985.250000,-3300.000000,0.003001
Contact34,581436.500000,-2460569.750000,-15800.000000,0.002128
Contact34,603699.125000,-2523200.000000,-15800.000000,0.002155
Contact34,622259.687500,-2598793.000000,-15800.000000,0.002613
Contact34,633264.062500,-2657600.000000,-15800.000000,0.001416
Contact34,658785.875000,-2727052.500000,-15800.000000,0.001209
Contact34,661371.125000,-2742246.750000,-15800.000000,0.000909
Contact34,583953.062500,-2463466.750000,-3300.000000,0.003532
Contact34,586993.562500,-2488000.000000,-3300.000000,0.006825
Contact34,594412.312500,-2510145.500000,-3300.000000,0.007384
Contact34,598870.187500,-2532800.000000,-3300.000000,0.008086
Contact34,601341.125000,-2556266.750000,-3300.000000,0.006375
Contact34,601341.125000,-2556266.750000,-3300.000000,0.006375
Contact35,573189.625000,-2518933.250000,-15800.000000,0.001222
Contact35,576584.562500,-2561600.000000,-15800.000000,0.002081
Contact35,582356.312500,-2603284.000000,-15800.000000,0.001833
Contact35,598629.750000,-2634896.500000,-15800.000000,0.001851
Contact35,576621.062500,-2559466.750000,-3300.000000,0.006067
Contact35,577253.625000,-2577600.000000,-3300.000000,0.007924
Contact35,578738.687500,-2596800.000000,-3300.000000,0.006616
Contact35,588313.125000,-2608579.750000,-3300.000000,0.003591
Contact35,589680.625000,-2609947.250000,-3300.000000,0.003412
Contact36,17895.884766,-2552743.500000,-15800.000000,0.002257
Contact36,62274.148438,-2565740.750000,-15800.000000,0.002304
Contact36,109564.898438,-2585298.250000,-15800.000000,0.002900
Contact36,171200.000000,-2604077.000000,-15800.000000,0.004366
Contact36,219259.843750,-2637393.250000,-15800.000000,0.003776
Contact36,221469.515625,-2639602.750000,-15800.000000,0.003786
Contact37,-581866.687500,-2564000.500000,-15800.000000,0.001675
Contact37,-545600.000000,-2564542.250000,-15800.000000,0.002561
Contact37,-507200.000000,-2573460.250000,-15800.000000,0.001992
Contact37,-479606.718750,-2591326.500000,-15800.000000,0.000919
Contact37,-480914.843750,-2597175.500000,-15800.000000,0.000803
Contact38,-268266.656250,-2577313.250000,-15800.000000,0.005979
Contact38,-200000.000000,-2589810.000000,-15800.000000,0.008913
Contact38,-129600.000000,-2599710.750000,-15800.000000,0.011336
Contact38,-59200.000000,-2603993.750000,-15800.000000,0.007534
Contact38,-18774.447266,-2633940.250000,-15800.000000,0.002843
Contact38,-13496.172852,-2640679.250000,-15800.000000,0.002199
Contact38,-202133.328125,-2594172.250000,-3300.000000,0.008846
Contact38,-180800.000000,-2594401.000000,-3300.000000,0.010094
Contact38,-158400.000000,-2598130.750000,-3300.000000,0.009666
Contact38,-136000.000000,-2605577.750000,-3300.000000,0.009627
Contact39,-281066.656250,-2581233.750000,-15800.000000,0.006255
Contact39,-353600.000000,-2600767.000000,-15800.000000,0.008795
Contact39,-418818.343750,-2621661.000000,-15800.000000,0.005442
Contact39,-487514.718750,-2631514.750000,-15800.000000,0.002583
Contact39,-563703.125000,-2614101.250000,-15800.000000,0.000665
Contact39,-565188.375000,-2614545.000000,-15800.000000,0.000643
Contact40,1160992.375000,-2602059.000000,-15800.000000,0.001073
Contact40,1181445.625000,-2613979.000000,-15800.000000,0.001243
Contact40,1202289.125000,-2635496.000000,-15800.000000,0.001370
Contact40,1233833.750000,-2657833.750000,-15800.000000,0.001170
Contact40,1248533.375000,-2649079.750000,-15800.000000,0.000855
Contact41,469556.281250,-2638089.500000,-15800.000000,0.001800
Contact41,491037.437500,-2683200.000000,-15800.000000,0.002518
Contact41,509575.156250,-2731441.750000,-15800.000000,0.003053
Contact41,532060.312500,-2772800.000000,-15800.000000,0.003531
Contact41,480947.843750,-2585644.750000,-3300.000000,0.006073
Contact41,486692.281250,-2626425.750000,-3300.000000,0.005069
Contact41,489376.625000,-2660800.000000,-3300.000000,0.006978
Contact41,493907.781250,-2708800.000000,-3300.000000,0.005328
Contact41,507233.500000,-2739766.750000,-3300.000000,0.006537
Contact41,514131.312500,-2749864.750000,-3300.000000,0.006761
Contact42,316156.750000,-2646823.500000,-15800.000000,0.000581
Contact42,354509.125000,-2678640.000000,-15800.000000,0.001137
Contact42,391838.562500,-2707572.000000,-15800.000000,0.001251
Contact42,422477.750000,-2753600.000000,-15800.000000,0.000992
Contact42,450382.468750,-2800533.250000,-15800.000000,0.001134
Contact43,860777.687500,-2648555.500000,-15800.000000,0.000862
Contact43,840545.625000,-2681587.750000,-15800.000000,0.001734
Contact43,820905.125000,-2709761.500000,-15800.000000,0.002200
Contact43,784741.500000,-2733125.250000,-15800.000000,0.002346
Contact43,765574.687500,-2745892.000000,-15800.000000,0.002499
Contact43,858133.312500,-2707196.750000,-3300.000000,0.001071
Contact43,838489.562500,-2712443.750000,-3300.000000,0.001711
Contact43,824000.000000,-2724393.500000,-3300.000000,0.002075
Contact43,801211.937500,-2732686.500000,-3300.000000,0.002552
Contact44,418276.843750,-2650682.000000,-15800.000000,0.002133
Contact44,429605.000000,-2694138.250000,-15800.000000,0.002371
Contact44,457916.843750,-2724583.500000,-15800.000000,0.003053
Contact44,481480.125000,-2765213.500000,-15800.000000,0.003613
Contact44,445928.281250,-2712595.000000,-3300.000000,0.008104
Contact44,458907.812500,-2722374.500000,-3300.000000,0.006626
Contact44,466464.781250,-2737398.000000,-3300.000000,0.006810
Contact44,479776.281250,-2746443.000000,-3300.000000,0.005717
Contact44,486612.718750,-2764266.750000,-3300.000000,0.005268
Contact44,486612.718750,-2764266.750000,-3300.000000,0.005268
Contact45,275935.187500,-2691733.250000,-15800.000000,0.001007
Contact45,313194.750000,-2714164.000000,-15800.000000,0.001380
Contact45,352470.937500,-2732204.250000,-15800.000000,0.002644
Contact45,378940.406250,-2758673.750000,-15800.000000,0.002103
Contact45,400385.750000,-2780119.000000,-15800.000000,0.000994
Contact45,400385.750000,-2780119.000000,-15800.000000,0.000994
Contact45,368847.562500,-2750714.250000,-3300.000000,0.005161
Contact45,382629.531250,-2767696.250000,-3300.000000,0.004957
Contact45,401193.656250,-2781993.750000,-3300.000000,0.004425
Contact45,418432.312500,-2797099.000000,-3300.000000,0.002679
Contact45,446328.781250,-2807258.750000,-3300.000000,0.001351
Contact45,449815.718750,-2805651.000000,-3300.000000,0.001500
Contact46,-1151933.125000,-2713533.250000,-15800.000000,0.001133
Contact46,-1137809.625000,-2758723.750000,-15800.000000,0.001451
Contact46,-1076800.000000,-2756765.500000,-15800.000000,0.001461
Contact46,-1031333.812500,-2781287.000000,-15800.000000,0.001523
Contact46,-965502.125000,-2796631.250000,-15800.000000,0.001204
Contact46,-946666.687500,-2807958.750000,-15800.000000,0.001324
Contact46,-1072245.125000,-2767661.250000,-3300.000000,0.000807
Contact46,-1057260.000000,-2776458.750000,-3300.000000,0.001664
Contact46,-1045641.375000,-2790188.250000,-3300.000000,0.002698
Contact46,-1028800.000000,-2794790.000000,-3300.000000,0.001999
Contact46,-1014844.437500,-2772800.000000,-3300.000000,0.000883
Contact46,-1014552.937500,-2771733.250000,-3300.000000,0.001074
Contact47,1466133.375000,-2708338.500000,-15800.000000,0.001276
Contact47,1481911.500000,-2747200.000000,-15800.000000,0.001795
Contact47,1491850.625000,-2783584.000000,-15800.000000,0.001576
Contact47,1499888.000000,-2824000.000000,-15800.000000,0.001277
Contact47,1491765.625000,-2845333.250000,-15800.000000,0.001075
Contact48,1402425.625000,-2732559.000000,-15800.000000,0.001545
Contact48,1411635.625000,-2760000.000000,-15800.000000,0.002374
Contact48,1422679.500000,-2798400.000000,-15800.000000,0.001489
Contact48,1438239.000000,-2836800.000000,-15800.000000,0.000944
Contact48,1443236.000000,-2862969.250000,-15800.000000,0.001005
Contact49,-1781221.000000,-2783045.750000,-15800.000000,0.001275
Contact49,-1736000.000000,-2801920.000000,-15800.000000,0.001064
Contact49,-1684800.000000,-2825463.500000,-15800.000000,0.001527
Contact49,-1634292.375000,-2845716.500000,-15800.000000,0.001391
Contact50,1612267.375000,-2810134.000000,-15800.000000,0.001265
Contact50,1628935.000000,-2833201.750000,-15800.000000,0.001503
Contact50,1638638.500000,-2862105.000000,-15800.000000,0.001626
Contact50,1647617.500000,-2888082.250000,-15800.000000,0.002012
Contact51,-1192666.500000,-2826799.750000,-15800.000000,0.001346
Contact51,-1218022.125000,-2829004.750000,-15800.000000,0.001433
Contact51,-1256000.000000,-2828476.000000,-15800.000000,0.002179
Contact51,-1294400.000000,-2836445.750000,-15800.000000,0.001973
Contact51,-1296533.375000,-2836784.250000,-15800.000000,0.001772
Contact52,-1911575.125000,-2844691.500000,-15800.000000,0.002136
Contact52,-1891717.750000,-2870949.000000,-15800.000000,0.002901
Contact52,-1871049.875000,-2904416.750000,-15800.000000,0.004510
Contact52,-1857601.625000,-2939200.000000,-15800.000000,0.002583
Contact52,-1863564.750000,-2962231.500000,-15800.000000,0.001577
Contact53,1173673.750000,-2859952.000000,-15800.000000,0.000362
Contact53,1160322.125000,-2904649.250000,-15800.000000,0.001030
Contact53,1136361.375000,-2936172.000000,-15800.000000,0.001965
Contact53,1105093.625000,-2963173.000000,-15800.000000,0.001948
Contact53,1081304.000000,-2999762.750000,-15800.000000,0.001354
Contact53,1081304.000000,-2999762.750000,-15800.000000,0.001354
Contact53,1177645.875000,-2876266.750000,-3300.000000,0.002873
Contact53,1165256.125000,-2900877.250000,-3300.000000,0.004739
Contact53,1152082.000000,-2917251.250000,-3300.000000,0.007992
Contact53,1134464.250000,-2932735.750000,-3300.000000,0.007059
Contact53,1117830.750000,-2947236.000000,-3300.000000,0.005191
Contact53,1111734.125000,-2951199.250000,-3300.000000,0.004631
Contact54,-1138666.625000,-2862422.000000,-15800.000000,0.001850
Contact54,-1096443.250000,-2868356.750000,-15800.000000,0.001910
Contact54,-1069538.625000,-2893128.000000,-15800.000000,0.001380
Contact54,-1019200.000000,-2910362.000000,-15800.000000,0.001112
Contact54,-1077280.125000,-2885005.500000,-3300.000000,0.001161
Contact54,-1060611.875000,-2889254.750000,-3300.000000,0.001458
Contact54,-1038400.000000,-2895567.750000,-3300.000000,0.001196
Contact54,-1015291.500000,-2899375.250000,-3300.000000,0.001389
Contact54,-1010666.687500,-2914210.000000,-3300.000000,0.001141
Contact54,-1010666.687500,-2914210.000000,-3300.000000,0.001141
Contact55,824221.312500,-2877112.000000,-15800.000000,0.001029
Contact55,809514.687500,-2891818.750000,-15800.000000,0.001151
Contact55,782450.187500,-2906083.250000,-15800.000000,0.000989
Contact55,762685.437500,-2925848.000000,-15800.000000,0.001439
Contact55,757310.750000,-2931222.500000,-15800.000000,0.001761
Contact56,-1516266.625000,-2882829.000000,-15800.000000,0.002857
Contact56,-1473600.000000,-2901017.250000,-15800.000000,0.003116
Contact56,-1422400.000000,-2902014.500000,-15800.000000,0.003834
Contact56,-1371200.000000,-2908066.750000,-15800.000000,0.004306
Contact56,-1337615.875000,-2925850.750000,-15800.000000,0.002947
Contact56,-1337615.875000,-2925850.750000,-15800.000000,0.002947
Contact57,-447466.656250,-2895589.250000,-15800.000000,0.004063
Contact57,-406421.343750,-2901312.000000,-15800.000000,0.005094
Contact57,-383669.468750,-2926772.750000,-15800.000000,0.005028
Contact57,-365054.062500,-2964012.500000,-15800.000000,0.006655
Contact57,-368533.343750,-2975319.500000,-15800.000000,0.006447
Contact58,-808496.875000,-2913103.250000,-15800.000000,0.004211
Contact58,-788772.375000,-2937094.250000,-15800.000000,0.005975
Contact58,-764342.625000,-2961524.000000,-15800.000000,0.006348
Contact58,-744963.312500,-2987303.250000,-15800.000000,0.004784
Contact58,-732681.250000,-2997452.000000,-15800.000000,0.004427
Contact58,-792886.125000,-2940266.750000,-3300.000000,0.004550
Contact58,-785041.250000,-2950425.500000,-3300.000000,0.006441
Contact58,-776089.625000,-2960443.750000,-3300.000000,0.005230
Contact58,-764843.375000,-2970623.250000,-3300.000000,0.007917
Contact58,-763754.750000,-2971712.000000,-3300.000000,0.007104
Contact59,-1781339.125000,-2941333.250000,-15800.000000,0.002213
Contact59,-1768465.375000,-2966468.000000,-15800.000000,0.003120
Contact59,-1747251.250000,-2981282.000000,-15800.000000,0.003211
Contact59,-1714520.125000,-2992680.000000,-15800.000000,0.002880
Contact59,-1712353.000000,-2992713.750000,-15800.000000,0.002877
Contact60,-611262.000000,-2952471.250000,-15800.000000,0.006360
Contact60,-558400.000000,-2959665.250000,-15800.000000,0.005032
Contact60,-507443.000000,-2964252.000000,-15800.000000,0.007857
Contact60,-451898.156250,-2967002.500000,-15800.000000,0.005337
Contact60,-413858.406250,-2979208.250000,-15800.000000,0.003585
Contact61,-29333.333984,-2955138.000000,-15800.000000,0.003331
Contact61,-110400.000000,-2975285.750000,-15800.000000,0.007255
Contact61,-193600.000000,-2983124.250000,-15800.000000,0.008587
Contact61,-276800.000000,-2978726.750000,-15800.000000,0.006592
Contact61,-340800.000000,-2980219.500000,-15800.000000,0.010770
Contact61,-355733.343750,-2977738.250000,-15800.000000,0.008581
Contact61,-188266.671875,-2972479.750000,-3300.000000,0.005658
Contact61,-212800.000000,-2983127.750000,-3300.000000,0.009952
Contact61,-241600.000000,-2978348.000000,-3300.000000,0.009864
Contact61,-270400.000000,-2975231.500000,-3300.000000,0.009088
Contact61,-282917.906250,-2981584.500000,-3300.000000,0.002723
Contact62,1611214.250000,-2954133.250000,-15800.000000,0.001968
Contact62,1610818.125000,-3016000.000000,-15800.000000,0.003939
Contact62,1607800.250000,-3080000.000000,-15800.000000,0.003177
Contact62,1621635.125000,-3139501.750000,-15800.000000,0.003327
Contact62,1623530.500000,-3201600.000000,-15800.000000,0.002631
Contact62,1622686.750000,-3216533.250000,-15800.000000,0.001885
Contact63,-1021900.625000,-3005900.500000,-15800.000000,0.001655
Contact63,-1034353.437500,-3039935.250000,-15800.000000,0.002954
Contact63,-1024126.312500,-3066540.250000,-15800.000000,0.002605
Contact63,-1009160.187500,-3087906.500000,-15800.000000,0.001933
Contact64,1050133.375000,-3017576.750000,-15800.000000,0.001832
Contact64,1080087.500000,-3033154.250000,-15800.000000,0.002088
Contact64,1103447.875000,-3067099.500000,-15800.000000,0.002579
Contact64,1124826.125000,-3092826.250000,-15800.000000,0.003198
Contact64,1136357.875000,-3100091.250000,-15800.000000,0.002813
Contact64,1136357.875000,-3100091.250000,-15800.000000,0.002813
Contact65,1049053.375000,-3029880.000000,-15800.000000,0.001702
Contact65,1042399.312500,-3061001.500000,-15800.000000,0.001346
Contact65,1062437.000000,-3092800.000000,-15800.000000,0.001082
Contact65,1082963.250000,-3126720.500000,-15800.000000,0.001387
Contact65,1083735.000000,-3139733.250000,-15800.000000,0.000815
Contact66,1391396.000000,-3029933.500000,-15800.000000,0.000606
Contact66,1378436.500000,-3058896.750000,-15800.000000,0.001038
Contact66,1362444.250000,-3092800.000000,-15800.000000,0.000906
Contact66,1340059.250000,-3131407.500000,-15800.000000,0.000563
Contact66,1331883.250000,-3135316.750000,-15800.000000,0.000626
Contact67,1749998.000000,-3082564.500000,-15800.000000,0.001521
Contact67,1738708.500000,-3118400.000000,-15800.000000,0.001900
Contact67,1726687.375000,-3156800.000000,-15800.000000,0.002348
Contact67,1713600.000000,-3181215.500000,-15800.000000,0.002737
Contact67,1705066.625000,-3181495.250000,-15800.000000,0.002647
Contact68,845576.750000,-3088776.750000,-15800.000000,0.000779
Contact68,856221.375000,-3113472.250000,-15800.000000,0.000578
Contact68,882612.125000,-3130078.750000,-15800.000000,0.000546
Contact68,905146.437500,-3146213.000000,-15800.000000,0.000825
Contact68,911672.250000,-3159139.000000,-15800.000000,0.000811
Contact68,831405.437500,-3071405.500000,-3300.000000,0.003460
Contact68,841184.562500,-3085451.250000,-3300.000000,0.002163
Contact68,850914.437500,-3105497.500000,-3300.000000,0.002583
Contact68,865600.000000,-3115646.750000,-3300.000000,0.001493
Contact68,873066.687500,-3116015.750000,-3300.000000,0.000542
Contact69,-1291558.250000,-3119145.750000,-15800.000000,0.002765
Contact69,-1273702.750000,-3143863.500000,-15800.000000,0.001417
Contact69,-1274677.250000,-3176384.250000,-15800.000000,0.001826
Contact69,-1261776.000000,-3213011.500000,-15800.000000,0.001867
Contact69,-1265199.625000,-3196494.750000,-3300.000000,0.006052
Contact69,-1262348.250000,-3220800.000000,-3300.000000,0.007058
Contact69,-1263072.375000,-3241461.000000,-3300.000000,0.006348
Contact69,-1262182.000000,-3262400.000000,-3300.000000,0.008036
Contact70,-1754554.125000,-3138246.000000,-15800.000000,0.000566
Contact70,-1748090.875000,-3169600.000000,-15800.000000,0.000811
Contact70,-1744543.250000,-3208000.000000,-15800.000000,0.000706
Contact70,-1763723.625000,-3239990.250000,-15800.000000,0.000983
Contact70,-1774344.250000,-3251421.500000,-15800.000000,0.001243
Contact71,781333.312500,-3153114.750000,-15800.000000,0.001968
Contact71,816826.875000,-3173093.500000,-15800.000000,0.001745
Contact71,848653.187500,-3198519.750000,-15800.000000,0.001397
Contact71,900800.000000,-3206726.750000,-15800.000000,0.001481
Contact71,743858.500000,-3132125.250000,-3300.000000,0.003389
Contact71,766400.000000,-3144567.750000,-3300.000000,0.002800
Contact71,795200.000000,-3150798.250000,-3300.000000,0.006740
Contact71,810789.000000,-3163342.250000,-3300.000000,0.003760
Contact71,791024.437500,-3172709.000000,-3300.000000,0.001551
Contact71,791024.437500,-3172709.000000,-3300.000000,0.001551
Contact72,1530590.875000,-3156342.500000,-15800.000000,0.001057
Contact72,1523179.000000,-3233600.000000,-15800.000000,0.001619
Contact72,1508388.875000,-3303358.500000,-15800.000000,0.001407
Contact72,1502608.250000,-3380800.000000,-15800.000000,0.000799
Contact72,1497074.375000,-3447992.250000,-15800.000000,0.001288
Contact72,1494905.875000,-3450160.750000,-15800.000000,0.001191
Contact72,1533467.000000,-3142799.750000,-3300.000000,0.001707
Contact72,1529370.625000,-3179200.000000,-3300.000000,0.004178
Contact72,1528601.750000,-3217600.000000,-3300.000000,0.004014
Contact72,1530105.625000,-3256000.000000,-3300.000000,0.002662
Contact72,1520988.250000,-3294400.000000,-3300.000000,0.002810
Contact72,1518889.125000,-3299102.750000,-3300.000000,0.002574
Contact73,-310577.968750,-3171733.250000,-15800.000000,0.001800
Contact73,-330473.968750,-3233600.000000,-15800.000000,0.002043
Contact73,-367559.843750,-3300893.250000,-15800.000000,0.001377
Contact73,-395310.468750,-3347843.750000,-15800.000000,0.001552
Contact73,-385319.250000,-3401983.750000,-15800.000000,0.001517
Contact73,-380325.906250,-3406546.750000,-15800.000000,0.001501
Contact74,-1167627.375000,-3178175.250000,-15800.000000,0.001171
Contact74,-1161187.500000,-3208945.750000,-15800.000000,0.002623
Contact74,-1141968.250000,-3236698.500000,-15800.000000,0.002463
Contact74,-1125235.750000,-3272480.000000,-15800.000000,0.002134
Contact74,-1129354.500000,-3290421.250000,-15800.000000,0.002867
Contact75,-162218.078125,-3185151.500000,-15800.000000,0.005871
Contact75,-180678.281250,-3195078.250000,-15800.000000,0.005910
Contact75,-204059.296875,-3209926.000000,-15800.000000,0.005652
Contact75,-224167.078125,-3227900.500000,-15800.000000,0.004806
Contact75,-233211.156250,-3239077.750000,-15800.000000,0.004493
Contact76,-394209.500000,-3199542.750000,-15800.000000,0.001894
Contact76,-399071.906250,-3234272.000000,-15800.000000,0.001778
Contact76,-405278.312500,-3270345.000000,-15800.000000,0.001292
Contact76,-432416.781250,-3288950.000000,-15800.000000,0.001181
Contact76,-442132.718750,-3298666.000000,-15800.000000,0.001257
Contact77,-1717971.625000,-3249705.000000,-15800.000000,0.000771
Contact77,-1723632.875000,-3291633.000000,-15800.000000,0.001056
Contact77,-1743449.875000,-3336000.000000,-15800.000000,0.001454
Contact77,-1734031.500000,-3386698.000000,-15800.000000,0.002044
Contact77,-1725784.750000,-3405948.750000,-15800.000000,0.002178
Contact78,-1275926.125000,-3258473.750000,-15800.000000,0.001974
Contact78,-1260760.000000,-3294973.250000,-15800.000000,0.003324
Contact78,-1231211.625000,-3318121.750000,-15800.000000,0.003932
Contact78,-1218116.625000,-3348800.000000,-15800.000000,0.003203
Contact78,-1205930.625000,-3380701.750000,-15800.000000,0.002621
Contact78,-1205930.625000,-3380701.750000,-15800.000000,0.002621
Contact78,-1257549.875000,-3288583.500000,-3300.000000,0.007084
Contact78,-1251186.625000,-3303480.000000,-3300.000000,0.009034
Contact78,-1233748.500000,-3311318.250000,-3300.000000,0.012305
Contact78,-1223680.375000,-3323519.750000,-3300.000000,0.011707
Contact78,-1218526.250000,-3337066.750000,-3300.000000,0.005897
Contact78,-1218526.250000,-3337066.750000,-3300.000000,0.005897
Contact79,439358.437500,-3261975.000000,-15800.000000,0.000756
Contact79,451674.750000,-3298608.000000,-15800.000000,0.001318
Contact79,472469.187500,-3336469.250000,-15800.000000,0.001375
Contact79,500068.812500,-3366202.250000,-15800.000000,0.002311
Contact79,541224.562500,-3380670.500000,-15800.000000,0.002838
Contact79,541224.562500,-3380670.500000,-15800.000000,0.002838
Contact80,-148080.359375,-3311813.750000,-15800.000000,0.000542
Contact80,-147312.187500,-3341201.750000,-15800.000000,0.000418
Contact80,-175817.828125,-3371551.250000,-15800.000000,0.000646
Contact80,-197207.265625,-3395074.000000,-15800.000000,0.001440
Contact80,-206131.828125,-3408265.250000,-15800.000000,0.000975
Contact81,280833.281250,-3311920.500000,-15800.000000,0.000721
Contact81,301425.843750,-3340359.250000,-15800.000000,0.002045
Contact81,327381.468750,-3372714.750000,-15800.000000,0.001606
Contact81,350514.781250,-3404381.500000,-15800.000000,0.001973
Contact81,377406.062500,-3437672.750000,-15800.000000,0.002088
Contact81,381443.500000,-3445976.750000,-15800.000000,0.002009
Contact82,1282666.625000,-3332314.750000,-15800.000000,0.001403
Contact82,1253631.625000,-3350101.750000,-15800.000000,0.002449
Contact82,1222858.500000,-3363808.250000,-15800.000000,0.001872
Contact82,1190559.500000,-3376907.000000,-15800.000000,0.000833
Contact82,1159043.875000,-3387089.500000,-15800.000000,0.000506
Contact83,-1280315.125000,-3355289.500000,-15800.000000,0.002403
Contact83,-1270166.125000,-3387200.000000,-15800.000000,0.002054
Contact83,-1238965.750000,-3408501.000000,-15800.000000,0.001464
Contact83,-1217346.750000,-3430119.750000,-15800.000000,0.001948
Contact83,-1201745.250000,-3459575.000000,-15800.000000,0.001901
Contact83,-1201745.250000,-3459575.000000,-15800.000000,0.001901
Contact84,-1196374.500000,-3383315.750000,-15800.000000,0.002434
Contact84,-1161790.375000,-3400343.000000,-15800.000000,0.002620
Contact84,-1135231.000000,-3426902.250000,-15800.000000,0.002522
Contact84,-1109949.875000,-3464000.000000,-15800.000000,0.001948
Contact84,-1095498.500000,-3489286.000000,-15800.000000,0.001021
Contact84,-1158933.375000,-3395513.500000,-3300.000000,0.009691
Contact84,-1144963.750000,-3407754.000000,-3300.000000,0.007539
Contact84,-1134963.750000,-3426103.000000,-3300.000000,0.006593
Contact84,-1124387.375000,-3440946.000000,-3300.000000,0.007889
Contact84,-1116965.625000,-3460101.000000,-3300.000000,0.004862
Contact84,-1116965.625000,-3460101.000000,-3300.000000,0.004862
Contact85,-77742.000000,-3382933.250000,-15800.000000,0.001236
Contact85,-93284.250000,-3406351.000000,-15800.000000,0.001693
Contact85,-110681.546875,-3426065.250000,-15800.000000,0.001269
Contact85,-130010.554688,-3446522.750000,-15800.000000,0.000927
Contact85,-131704.359375,-3446962.250000,-15800.000000,0.000621
Contact86,48475.117188,-3384058.250000,-15800.000000,0.002474
Contact86,94400.000000,-3403508.750000,-15800.000000,0.001793
Contact86,141818.937500,-3411152.250000,-15800.000000,0.002570
Contact86,187367.609375,-3407299.000000,-15800.000000,0.001358
Contact86,191142.453125,-3385066.750000,-15800.000000,0.001234
Contact87,1823071.375000,-3382933.250000,-15800.000000,0.001611
Contact87,1819835.250000,-3418475.250000,-15800.000000,0.002687
Contact87,1799029.000000,-3440437.750000,-15800.000000,0.002028
Contact87,1801675.375000,-3476800.000000,-15800.000000,0.001296
Contact87,1805177.250000,-3493710.500000,-15800.000000,0.000959
Contact88,1592019.500000,-3414933.250000,-15800.000000,0.001808
Contact88,1595494.875000,-3476800.000000,-15800.000000,0.002042
Contact88,1598474.000000,-3540800.000000,-15800.000000,0.002202
Contact88,1611085.750000,-3599435.250000,-15800.000000,0.002501
Contact88,1620422.125000,-3638933.250000,-15800.000000,0.001012
Contact89,-434666.656250,-3426000.000000,-15800.000000,0.001251
Contact89,-398778.125000,-3436739.250000,-15800.000000,0.001561
Contact89,-372019.718750,-3451980.250000,-15800.000000,0.001487
Contact89,-340800.000000,-3466585.750000,-15800.000000,0.001155
Contact90,709397.000000,-3477397.000000,-15800.000000,0.001662
Contact90,725304.375000,-3501093.000000,-15800.000000,0.003254
Contact90,737634.187500,-3540800.000000,-15800.000000,0.003764
Contact90,748853.125000,-3585600.000000,-15800.000000,0.003432
Contact90,751814.812500,-3600876.250000,-15800.000000,0.002722
Contact90,698576.125000,-3419642.750000,-3300.000000,0.001966
Contact90,722436.750000,-3466870.000000,-3300.000000,0.005380
Contact90,729036.750000,-3521600.000000,-3300.000000,0.011480
Contact90,751926.062500,-3570167.500000,-3300.000000,0.006777
Contact90,759276.250000,-3627018.000000,-3300.000000,0.003155
Contact90,746835.375000,-3647645.750000,-3300.000000,0.004812
Contact91,-1802166.750000,-3489566.500000,-15800.000000,0.006382
Contact91,-1786842.125000,-3522260.750000,-15800.000000,0.007899
Contact91,-1769337.250000,-3553600.000000,-15800.000000,0.008712
Contact91,-1757557.000000,-3592000.000000,-15800.000000,0.009073
Contact91,-1756464.000000,-3600533.250000,-15800.000000,0.008499
Contact91,-1790134.375000,-3506932.250000,-3300.000000,0.004224
Contact91,-1780742.125000,-3518458.000000,-3300.000000,0.007828
Contact91,-1774429.625000,-3534400.000000,-3300.000000,0.007214
Contact91,-1769997.625000,-3550535.750000,-3300.000000,0.007485
Contact92,-891746.812500,-3505080.250000,-15800.000000,0.004094
Contact92,-910643.750000,-3540289.500000,-15800.000000,0.004257
Contact92,-954593.062500,-3585600.000000,-15800.000000,0.004654
Contact92,-989161.500000,-3636800.000000,-15800.000000,0.004218
Contact92,-1019905.750000,-3686572.500000,-15800.000000,0.003360
Contact93,1092177.750000,-3517955.750000,-15800.000000,0.001836
Contact93,1100921.500000,-3552782.250000,-15800.000000,0.001103
Contact93,1109216.500000,-3587083.250000,-15800.000000,0.001479
Contact93,1121713.000000,-3618779.500000,-15800.000000,0.001538
Contact93,1135762.375000,-3651733.250000,-15800.000000,0.001518
Contact93,1135762.375000,-3651733.250000,-15800.000000,0.001518
Contact94,1289658.875000,-3528592.250000,-15800.000000,0.000994
Contact94,1297655.500000,-3560055.500000,-15800.000000,0.002019
Contact94,1307468.125000,-3591201.500000,-15800.000000,0.001668
Contact94,1316444.875000,-3617600.000000,-15800.000000,0.000964
Contact94,1317148.875000,-3619733.250000,-15800.000000,0.000793
Contact94,1292863.500000,-3557396.750000,-3300.000000,0.005252
Contact94,1304001.875000,-3592000.000000,-3300.000000,0.006676
Contact94,1323280.000000,-3622606.250000,-3300.000000,0.006139
Contact94,1321000.375000,-3655523.000000,-3300.000000,0.004634
Contact94,1339010.000000,-3634535.250000,-3300.000000,0.001517
Contact94,1345624.250000,-3641066.750000,-3300.000000,0.001426
Contact95,361771.437500,-3537962.000000,-15800.000000,0.001552
Contact95,357190.218750,-3572800.000000,-15800.000000,0.001453
Contact95,362783.843750,-3611200.000000,-15800.000000,0.001603
Contact95,355955.968750,-3649600.000000,-15800.000000,0.001083
Contact95,355106.343750,-3651733.250000,-15800.000000,0.001063
Contact96,-1166711.625000,-3556045.000000,-15800.000000,0.000721
Contact96,-1184425.250000,-3578241.500000,-15800.000000,0.001141
Contact96,-1173505.625000,-3617600.000000,-15800.000000,0.001563
Contact96,-1162141.750000,-3655991.500000,-15800.000000,0.002010
Contact96,-1158569.750000,-3678763.500000,-15800.000000,0.001473
Contact97,1361795.875000,-3555537.500000,-15800.000000,0.001619
Contact97,1349425.375000,-3579012.750000,-15800.000000,0.001831
Contact97,1350691.250000,-3617600.000000,-15800.000000,0.000828
Contact97,1361947.375000,-3647814.000000,-15800.000000,0.000975
Contact97,1361002.250000,-3649002.250000,-15800.000000,0.000840
Contact97,1355287.125000,-3548179.500000,-3300.000000,0.003862
Contact97,1354388.125000,-3566148.250000,-3300.000000,0.008532
Contact97,1357199.125000,-3585838.000000,-3300.000000,0.005138
Contact97,1363183.000000,-3605316.250000,-3300.000000,0.003288
Contact97,1369066.625000,-3607330.750000,-3300.000000,0.001699
Contact98,1669715.000000,-3599315.000000,-15800.000000,0.000580
Contact98,1683677.125000,-3615410.500000,-15800.000000,0.001114
Contact98,1711378.875000,-3630312.250000,-15800.000000,0.001558
Contact98,1726257.750000,-3660124.250000,-15800.000000,0.002035
Contact98,1754133.375000,-3675984.500000,-15800.000000,0.002627
Contact99,-1225108.250000,-3614441.500000,-15800.000000,0.000711
Contact99,-1246566.750000,-3629500.000000,-15800.000000,0.001126
Contact99,-1281600.000000,-3638842.000000,-15800.000000,0.001113
Contact99,-1320006.000000,-3647472.750000,-15800.000000,0.000999
Contact100,-1090250.875000,-3613984.250000,-15800.000000,0.004188
Contact100,-1117981.750000,-3636800.000000,-15800.000000,0.005297
Contact100,-1129773.750000,-3685507.000000,-15800.000000,0.004886
Contact100,-1137530.125000,-3720000.000000,-15800.000000,0.002659
Contact100,-1167233.250000,-3750873.250000,-15800.000000,0.001952
Contact100,-1167233.250000,-3750873.250000,-15800.000000,0.001952
Contact101,417272.312500,-3619733.250000,-15800.000000,0.001570
Contact101,415613.031250,-3681600.000000,-15800.000000,0.002266
Contact101,412058.781250,-3745600.000000,-15800.000000,0.002993
Contact101,429720.343750,-3806666.250000,-15800.000000,0.002351
Contact101,439996.906250,-3860800.000000,-15800.000000,0.001315
Contact101,440132.281250,-3862933.250000,-15800.000000,0.001125
Contact102,773929.625000,-3657003.750000,-15800.000000,0.004148
Contact102,735793.062500,-3684473.500000,-15800.000000,0.004621
Contact102,700335.500000,-3717797.750000,-15800.000000,0.003351
Contact102,666148.812500,-3754118.000000,-15800.000000,0.003373
Contact102,629110.687500,-3791156.000000,-15800.000000,0.002613
Contact102,624438.500000,-3795828.250000,-15800.000000,0.002531
Contact102,794763.250000,-3628266.750000,-3300.000000,0.007191
Contact102,776690.500000,-3660642.750000,-3300.000000,0.011956
Contact102,743072.312500,-3677194.250000,-3300.000000,0.017306
Contact102,714609.062500,-3702457.500000,-3300.000000,0.006686
Contact102,683708.875000,-3734424.500000,-3300.000000,0.011134
Contact102,677287.875000,-3742978.750000,-3300.000000,0.011201
Contact103,1016118.812500,-3664414.500000,-15800.000000,0.001705
Contact103,988165.062500,-3679568.250000,-15800.000000,0.002824
Contact103,945336.062500,-3691622.750000,-15800.000000,0.002861
Contact103,910926.562500,-3710384.500000,-15800.000000,0.002180
Contact103,871042.687500,-3701694.000000,-15800.000000,0.000926
Contact104,-1077300.375000,-3709833.750000,-15800.000000,0.004521
Contact104,-1089892.375000,-3733092.500000,-15800.000000,0.003646
Contact104,-1102893.125000,-3758893.250000,-15800.000000,0.003249
Contact104,-1108828.125000,-3788294.750000,-15800.000000,0.002824
Contact104,-1117781.875000,-3792981.750000,-15800.000000,0.002150
Contact104,-1073584.750000,-3686029.750000,-3300.000000,0.004381
Contact104,-1085535.875000,-3708469.250000,-3300.000000,0.004856
Contact104,-1099194.500000,-3732794.500000,-3300.000000,0.004086
Contact104,-1110929.250000,-3755200.000000,-3300.000000,0.006076
Contact104,-1094538.625000,-3776928.000000,-3300.000000,0.002008
Contact104,-1094538.625000,-3776928.000000,-3300.000000,0.002008
Contact105,907057.000000,-3726543.000000,-15800.000000,0.001693
Contact105,850031.000000,-3772848.000000,-15800.000000,0.001921
Contact105,792746.375000,-3817387.000000,-15800.000000,0.002007
Contact105,738060.312500,-3859273.000000,-15800.000000,0.001518
Contact105,693835.250000,-3896359.250000,-15800.000000,0.000776
Contact105,672533.312500,-3893805.000000,-15800.000000,0.000219
Contact105,864972.750000,-3750494.000000,-3300.000000,0.007046
Contact105,833600.000000,-3780700.500000,-3300.000000,0.004534
Contact105,796528.750000,-3807204.500000,-3300.000000,0.004903
Contact105,759190.250000,-3831743.000000,-3300.000000,0.004454
Contact105,723474.875000,-3856791.750000,-3300.000000,0.002566
Contact105,713392.062500,-3884489.000000,-3300.000000,0.001743
Contact106,1342006.250000,-3768673.000000,-15800.000000,0.000845
Contact106,1349365.500000,-3802438.250000,-15800.000000,0.001347
Contact106,1352207.625000,-3841600.000000,-15800.000000,0.002929
Contact106,1346688.625000,-3877802.750000,-15800.000000,0.001966
Contact106,1341937.750000,-3878329.000000,-15800.000000,0.002098
Contact107,1324239.000000,-3778694.250000,-15800.000000,0.001193
Contact107,1309894.250000,-3829387.000000,-15800.000000,0.002620
Contact107,1287247.875000,-3869018.750000,-15800.000000,0.001345
Contact107,1258105.875000,-3902427.500000,-15800.000000,0.001269
Contact107,1235471.750000,-3941649.500000,-15800.000000,0.001108
Contact107,1232240.125000,-3936826.500000,-15800.000000,0.001546
Contact108,1391122.375000,-3787924.750000,-15800.000000,0.000839
Contact108,1393752.250000,-3816152.250000,-15800.000000,0.002055
Contact108,1405849.500000,-3854400.000000,-15800.000000,0.002576
Contact108,1436653.750000,-3876194.750000,-15800.000000,0.001078
Contact108,1454685.375000,-3901333.250000,-15800.000000,0.001002
Contact108,1454685.375000,-3901333.250000,-15800.000000,0.001002
Contact109,-1611356.000000,-3891577.250000,-15800.000000,0.001232
Contact109,-1585095.625000,-3894371.000000,-15800.000000,0.001781
Contact109,-1556600.750000,-3905519.500000,-15800.000000,0.001922
Contact109,-1522639.750000,-3901306.500000,-15800.000000,0.001529
Contact109,-1511469.500000,-3894402.750000,-15800.000000,0.001424
Contact109,-1565356.000000,-3899177.500000,-3300.000000,0.003736
Contact109,-1555782.250000,-3909302.250000,-3300.000000,0.003505
Contact109,-1537600.000000,-3912382.500000,-3300.000000,0.003702
Contact109,-1519595.875000,-3916015.500000,-3300.000000,0.002635
Contact110,1292347.750000,-3913147.750000,-15800.000000,0.000816
Contact110,1307074.500000,-3962288.250000,-15800.000000,0.001431
Contact110,1309455.250000,-4020800.000000,-15800.000000,0.002502
Contact110,1327854.750000,-4072000.000000,-15800.000000,0.001722
Contact110,1325255.875000,-4127730.500000,-15800.000000,0.001026
Contact110,1338133.375000,-4130172.500000,-15800.000000,0.001044
Contact110,1299464.125000,-3935197.500000,-3300.000000,0.002142
Contact110,1292713.125000,-3961502.250000,-3300.000000,0.007742
Contact110,1295290.750000,-3988800.000000,-3300.000000,0.007535
Contact110,1300112.125000,-4020800.000000,-3300.000000,0.006680
Contact110,1300638.875000,-4038935.000000,-3300.000000,0.006779
Contact110,1299733.375000,-4039704.500000,-3300.000000,0.005817
Contact111,-1605866.625000,-3991144.750000,-15800.000000,0.004324
Contact111,-1556800.000000,-3990885.750000,-15800.000000,0.004613
Contact111,-1505600.000000,-3991631.250000,-15800.000000,0.003815
Contact111,-1454400.000000,-3990941.500000,-15800.000000,0.003818
Contact111,-1426666.625000,-3990359.750000,-15800.000000,0.003287
Contact111,-1530133.375000,-3990197.250000,-3300.000000,0.004705
Contact111,-1508800.000000,-3995480.250000,-3300.000000,0.005445
Contact111,-1486400.000000,-3993047.500000,-3300.000000,0.005152
Contact111,-1464000.000000,-3989469.500000,-3300.000000,0.004267
Contact111,-1454014.250000,-3993452.500000,-3300.000000,0.003810
Contact112,1196154.375000,-4124154.250000,-15800.000000,0.001372
Contact112,1213752.750000,-4152419.500000,-15800.000000,0.001759
Contact112,1215078.500000,-4187200.000000,-15800.000000,0.001380
Contact112,1220821.375000,-4225621.500000,-15800.000000,0.001262
Contact112,1237476.125000,-4241112.500000,-15800.000000,0.001488
Contact113,976000.500000,-4131718.750000,-15800.000000,0.000789
Contact113,967046.312500,-4157220.250000,-15800.000000,0.001390
Contact113,948702.437500,-4179831.000000,-15800.000000,0.001285
Contact113,940794.250000,-4199839.500000,-15800.000000,0.000745
Contact113,936304.000000,-4200762.500000,-15800.000000,0.000842
Contact114,1152804.375000,-4682133.500000,-15800.000000,0.001307
Contact114,1152770.750000,-4718400.000000,-15800.000000,0.001344
Contact114,1150870.750000,-4756800.000000,-15800.000000,0.001289
Contact114,1163071.250000,-4781921.000000,-15800.000000,0.001066
Contact114,1176776.000000,-4784489.500000,-15800.000000,0.000695
Contact114,1166658.250000,-4700525.000000,-3300.000000,0.002243
Contact114,1169580.750000,-4721400.500000,-3300.000000,0.004942
Contact114,1168473.250000,-4748604.000000,-3300.000000,0.005205
Contact114,1185043.500000,-4769326.500000,-3300.000000,0.005555
Contact114,1163692.000000,-4786174.500000,-3300.000000,0.002694
Contact114,1156512.875000,-4789579.500000,-3300.000000,0.002534
